ML Model Name,Accuracy,AUC,Precision,Recall,F1,MCC
Logistic Regression,0.7224124116832982,0.7888087372419418,0.7495395948434622,0.6591578327444052,0.7014492753623188,0.4472658582267007
Decision Tree,0.7234321509214072,0.7792068928279808,0.729220878616256,0.7014134275618374,0.715046904315197,0.44690057437375863
kNN,0.709010124553864,0.7654762159451893,0.7174622920230135,0.6793286219081273,0.6978749149209711,0.4182113102316852
Naive Bayes,0.7071891616286693,0.7788824602305826,0.7541254125412541,0.605565371024735,0.6717295443410093,0.42121918643631323
Random Forest (Ensemble),0.7288950396969918,0.7973423906187149,0.7533003300330033,0.6721142520612485,0.7103952692187986,0.45974602054518404
XGBoost (Ensemble),0.7271469152888047,0.7962314010513263,0.755108877721943,0.6637220259128387,0.7064723397586585,0.45683804078615414
